{
  "train_loss": [
    0.34878065869046276,
    0.11438306283027777,
    0.07222838329232482,
    0.05301668300953865,
    0.03180275947449069
  ],
  "val_loss": [
    0.10291575144104187,
    0.11957372824979266,
    0.12078207543688929,
    0.12565653202621016,
    0.12029308738327393
  ],
  "val_acc": [
    0.974974974974975,
    0.9669669669669669,
    0.975975975975976,
    0.97997997997998,
    0.9769769769769769
  ],
  "val_macro_f1": [
    0.9750128770007378,
    0.9669927382484133,
    0.9760148659344616,
    0.9800168560489357,
    0.9770171856610176
  ]
}