{
  "train_loss": [
    0.9236157837163127,
    0.04328215698534968,
    0.024633003537998646,
    0.011205090423560136,
    0.005479026567832617,
    0.00236112341805632,
    0.0018567925912374836
  ],
  "val_loss": [
    0.07334957135139149,
    0.08737673823459546,
    0.0845186114783803,
    0.08802920375534128,
    0.11175633070304634,
    0.1146830801757704,
    0.120501699038015
  ],
  "val_acc": [
    0.9172702203097064,
    0.9573926482620686,
    0.9620594563471621,
    0.9736355647140822,
    0.9782417649019667,
    0.9788781478226612,
    0.9828782690384558
  ],
  "val_f1": [
    0.8921294995023573,
    0.9266079669772335,
    0.932513632538639,
    0.9523744785178335,
    0.9588701244646449,
    0.9600087789715906,
    0.9650822233100192
  ],
  "val_\uae34\uae09_f1": [
    0.9457523029682702,
    0.9287863590772317,
    0.9314516129032258,
    0.9532710280373832,
    0.9569779643231899,
    0.957983193277311,
    0.9589905362776026
  ],
  "gap": [
    -0.8502662123649212,
    0.044094581249245784,
    0.059885607940381655,
    0.07682411333178114,
    0.10627730413521373,
    0.11232195675771409,
    0.11864490644677751
  ]
}