{
  "train_loss": [
    0.20023310254713292,
    0.07226035355113844,
    0.053622800983950086,
    0.034057001417814106,
    0.023888189732018294,
    0.014804332640593458
  ],
  "val_loss": [
    0.06302760117393144,
    0.05086443076756703,
    0.05706315540723605,
    0.0590065437515531,
    0.062368791938868004,
    0.06565510931887492
  ],
  "val_acc": [
    0.9775447740840632,
    0.957301736416255,
    0.9606654747113549,
    0.9869693021000636,
    0.9835752598563593,
    0.9887875390163339
  ],
  "val_macro_f1": [
    0.9000070039347885,
    0.9166431820724658,
    0.9260241601806461,
    0.9595168827436358,
    0.9535344970837656,
    0.9591896264642524
  ],
  "gap": [
    -0.13720550137320148,
    -0.021395922783571407,
    0.0034403544232859615,
    0.024949542333738993,
    0.03848060220684971,
    0.05085077667828146
  ]
}