{
  "train_loss": [
    0.02553302866136635,
    0.009404146554140081,
    0.0026061742800695693
  ],
  "val_loss": [
    0.11255688156465352,
    0.09299839852552437,
    0.10869655653755482
  ],
  "val_acc": [
    0.9592411891269432,
    0.9780296372617352,
    0.9837267795993818
  ],
  "val_f1": [
    0.9414816446072231,
    0.9613696983083863,
    0.9680104869192884
  ],
  "val_\uae34\uae09_f1": [
    0.9674711437565582,
    0.9642857142857143,
    0.9640591966173362
  ],
  "gap": [
    0.08702385290328717,
    0.08359425197138429,
    0.10609038225748525
  ]
}